{
  "id": "/subscriptions/c0b23822-3ab2-424c-bc3d-2820579556d3/resourceGroups/Heladac/providers/Microsoft.Resources/deployments/Microsoft.SQLDatabase.newDatabaseNewServer_030fcbe97ad94a439404c",
  "name": "Microsoft.SQLDatabase.newDatabaseNewServer_030fcbe97ad94a439404c",
  "type": "Microsoft.Resources/deployments",
  "tags": {
    "primaryResourceId": "/subscriptions/c0b23822-3ab2-424c-bc3d-2820579556d3/resourceGroups/Heladac/providers/Microsoft.Sql/servers/heladackid-db/databases/heladackid-db",
    "marketplaceItemId": "Microsoft.SQLDatabase"
  },
  "properties": {
    "templateHash": "1485464395500262177",
    "parameters": {
      "administratorLogin": {
        "type": "String",
        "value": "heladackidadmin"
      },
      "administratorLoginPassword": {
        "type": "SecureString"
      },
      "collation": {
        "type": "String",
        "value": "SQL_Latin1_General_CP1_CI_AS"
      },
      "databaseName": {
        "type": "String",
        "value": "heladackid-db"
      },
      "tier": {
        "type": "String",
        "value": "Standard"
      },
      "skuName": {
        "type": "String",
        "value": "S0"
      },
      "location": {
        "type": "String",
        "value": "westus2"
      },
      "maxSizeBytes": {
        "type": "Int",
        "value": 10737418240
      },
      "serverName": {
        "type": "String",
        "value": "heladackid-db"
      },
      "sampleName": {
        "type": "String",
        "value": ""
      },
      "zoneRedundant": {
        "type": "Bool",
        "value": false
      },
      "licenseType": {
        "type": "String",
        "value": ""
      },
      "readScaleOut": {
        "type": "String",
        "value": "Disabled"
      },
      "numberOfReplicas": {
        "type": "Int",
        "value": 0
      },
      "minCapacity": {
        "type": "String",
        "value": ""
      },
      "autoPauseDelay": {
        "type": "String",
        "value": ""
      },
      "enableADS": {
        "type": "Bool",
        "value": false
      },
      "allowAzureIps": {
        "type": "Bool",
        "value": false
      },
      "databaseTags": {
        "type": "Object",
        "value": {}
      },
      "serverTags": {
        "type": "Object",
        "value": {}
      },
      "enableVA": {
        "type": "Bool",
        "value": false
      },
      "useVAManagedIdentity": {
        "type": "Bool",
        "value": false
      },
      "enablePrivateEndpoint": {
        "type": "Bool",
        "value": false
      },
      "privateEndpointNestedTemplateId": {
        "type": "String",
        "value": "pe-b869608e-8cb8-439c-afb1-e851b2c9a046"
      },
      "privateEndpointSubscriptionId": {
        "type": "String",
        "value": ""
      },
      "privateEndpointResourceGroup": {
        "type": "String",
        "value": ""
      },
      "privateEndpointName": {
        "type": "String",
        "value": ""
      },
      "privateEndpointLocation": {
        "type": "String",
        "value": ""
      },
      "privateEndpointSubnetId": {
        "type": "String",
        "value": ""
      },
      "privateLinkServiceName": {
        "type": "String",
        "value": ""
      },
      "privateLinkServiceServiceId": {
        "type": "String",
        "value": ""
      },
      "privateEndpointVnetSubscriptionId": {
        "type": "String",
        "value": ""
      },
      "privateEndpointVnetResourceGroup": {
        "type": "String",
        "value": ""
      },
      "privateEndpointVnetName": {
        "type": "String",
        "value": ""
      },
      "privateEndpointSubnetName": {
        "type": "String",
        "value": ""
      },
      "enablePrivateDnsZone": {
        "type": "Bool",
        "value": true
      },
      "privateLinkPrivateDnsZoneFQDN": {
        "type": "String",
        "value": "privatelink.database.windows.net"
      },
      "privateEndpointDnsRecordUniqueId": {
        "type": "String",
        "value": "b869608e-8cb8-439c-afb1-e851b2c9a049"
      },
      "privateEndpointTemplateLink": {
        "type": "String",
        "value": "https://sqlazureextension.hosting.portal.azure.net/sqlazureextension/Content/2.1.0133665/DeploymentTemplates/PrivateEndpoint.json"
      },
      "privateDnsForPrivateEndpointTemplateLink": {
        "type": "String",
        "value": "https://sqlazureextension.hosting.portal.azure.net/sqlazureextension/Content/2.1.0133665/DeploymentTemplates/PrivateDnsForPrivateEndpoint.json"
      },
      "privateDnsForPrivateEndpointNicTemplateLink": {
        "type": "String",
        "value": "https://sqlazureextension.hosting.portal.azure.net/sqlazureextension/Content/2.1.0133665/DeploymentTemplates/PrivateDnsForPrivateEndpointNic.json"
      },
      "privateDnsForPrivateEndpointIpConfigTemplateLink": {
        "type": "String",
        "value": "https://sqlazureextension.hosting.portal.azure.net/sqlazureextension/Content/2.1.0133665/DeploymentTemplates/PrivateDnsForPrivateEndpointIpConfig.json"
      },
      "allowClientIp": {
        "type": "Bool",
        "value": false
      },
      "clientIpRuleName": {
        "type": "String",
        "value": "ClientIp-2020-9-8_2-37-24"
      },
      "clientIpValue": {
        "type": "String",
        "value": "97.118.117.118"
      }
    },
    "mode": "Incremental",
    "debugSetting": {
      "detailLevel": "None"
    },
    "provisioningState": "Succeeded",
    "timestamp": "2020-09-08T08:39:18.7475227Z",
    "duration": "PT1M52.6633871S",
    "correlationId": "9bba5fd3-66a8-473a-9398-0ece30d51df7",
    "providers": [
      {
        "namespace": "Microsoft.Sql",
        "resourceTypes": [
          {
            "resourceType": "servers",
            "locations": [
              "westus2"
            ]
          },
          {
            "resourceType": "servers/databases",
            "locations": [
              "westus2"
            ]
          }
        ]
      }
    ],
    "dependencies": [
      {
        "dependsOn": [
          {
            "id": "/subscriptions/c0b23822-3ab2-424c-bc3d-2820579556d3/resourceGroups/Heladac/providers/Microsoft.Sql/servers/heladackid-db",
            "resourceType": "Microsoft.Sql/servers",
            "resourceName": "heladackid-db"
          },
          {
            "id": "/subscriptions/c0b23822-3ab2-424c-bc3d-2820579556d3/resourceGroups/Heladac/providers/Microsoft.Storage/storageAccounts/sqlvakpu2zw3h327sq",
            "resourceType": "Microsoft.Storage/storageAccounts",
            "resourceName": "sqlvakpu2zw3h327sq"
          },
          {
            "id": "/subscriptions/c0b23822-3ab2-424c-bc3d-2820579556d3/resourceGroups/Heladac/providers/Microsoft.Sql/servers/heladackid-db",
            "resourceType": "Microsoft.Sql/servers",
            "resourceName": "heladackid-db",
            "apiVersion": "2018-06-01-preview"
          }
        ],
        "id": "/subscriptions/c0b23822-3ab2-424c-bc3d-2820579556d3/resourceGroups/Heladac/providers/Microsoft.Storage/storageAccounts/sqlvakpu2zw3h327sq/providers/Microsoft.Authorization/roleAssignments/f19b1e11-5d13-544d-afda-815d10d81d36",
        "resourceType": "Microsoft.Storage/storageAccounts/providers/roleAssignments",
        "resourceName": "sqlvakpu2zw3h327sq/Microsoft.Authorization/f19b1e11-5d13-544d-afda-815d10d81d36"
      },
      {
        "dependsOn": [
          {
            "id": "/subscriptions/c0b23822-3ab2-424c-bc3d-2820579556d3/resourceGroups/Heladac/providers/Microsoft.Sql/servers/heladackid-db",
            "resourceType": "Microsoft.Sql/servers",
            "resourceName": "heladackid-db"
          }
        ],
        "id": "/subscriptions/c0b23822-3ab2-424c-bc3d-2820579556d3/resourceGroups/Heladac/providers/Microsoft.Sql/servers/heladackid-db/databases/heladackid-db",
        "resourceType": "Microsoft.Sql/servers/databases",
        "resourceName": "heladackid-db/heladackid-db"
      },
      {
        "dependsOn": [
          {
            "id": "/subscriptions/c0b23822-3ab2-424c-bc3d-2820579556d3/resourceGroups/Heladac/providers/Microsoft.Sql/servers/heladackid-db",
            "resourceType": "Microsoft.Sql/servers",
            "resourceName": "heladackid-db"
          }
        ],
        "id": "/subscriptions/c0b23822-3ab2-424c-bc3d-2820579556d3/resourceGroups/Heladac/providers/Microsoft.Sql/servers/heladackid-db/firewallrules/AllowAllWindowsAzureIps",
        "resourceType": "Microsoft.Sql/servers/firewallrules",
        "resourceName": "heladackid-db/AllowAllWindowsAzureIps"
      },
      {
        "dependsOn": [
          {
            "id": "/subscriptions/c0b23822-3ab2-424c-bc3d-2820579556d3/resourceGroups/Heladac/providers/Microsoft.Sql/servers/heladackid-db",
            "resourceType": "Microsoft.Sql/servers",
            "resourceName": "heladackid-db"
          }
        ],
        "id": "/subscriptions/c0b23822-3ab2-424c-bc3d-2820579556d3/resourceGroups/Heladac/providers/Microsoft.Sql/servers/heladackid-db/firewallrules/ClientIp-2020-9-8_2-37-24",
        "resourceType": "Microsoft.Sql/servers/firewallrules",
        "resourceName": "heladackid-db/ClientIp-2020-9-8_2-37-24"
      },
      {
        "dependsOn": [
          {
            "id": "/subscriptions/c0b23822-3ab2-424c-bc3d-2820579556d3/resourceGroups/Heladac/providers/Microsoft.Sql/servers/heladackid-db",
            "resourceType": "Microsoft.Sql/servers",
            "resourceName": "heladackid-db"
          },
          {
            "id": "/subscriptions/c0b23822-3ab2-424c-bc3d-2820579556d3/resourceGroups/Heladac/providers/Microsoft.Sql/servers/heladackid-db/databases/heladackid-db",
            "resourceType": "Microsoft.Sql/servers/databases",
            "resourceName": "heladackid-db/heladackid-db"
          }
        ],
        "id": "/subscriptions/c0b23822-3ab2-424c-bc3d-2820579556d3/resourceGroups/Heladac/providers/Microsoft.Sql/servers/heladackid-db/securityAlertPolicies/Default",
        "resourceType": "Microsoft.Sql/servers/securityAlertPolicies",
        "resourceName": "heladackid-db/Default"
      },
      {
        "dependsOn": [
          {
            "id": "/subscriptions/c0b23822-3ab2-424c-bc3d-2820579556d3/resourceGroups/Heladac/providers/Microsoft.Sql/servers/heladackid-db",
            "resourceType": "Microsoft.Sql/servers",
            "resourceName": "heladackid-db"
          },
          {
            "id": "/subscriptions/c0b23822-3ab2-424c-bc3d-2820579556d3/resourceGroups/Heladac/providers/Microsoft.Storage/storageAccounts/sqlvakpu2zw3h327sq",
            "resourceType": "Microsoft.Storage/storageAccounts",
            "resourceName": "sqlvakpu2zw3h327sq"
          },
          {
            "id": "/subscriptions/c0b23822-3ab2-424c-bc3d-2820579556d3/resourceGroups/Heladac/providers/Microsoft.Sql/servers/heladackid-db/securityAlertPolicies/Default",
            "resourceType": "Microsoft.Sql/servers/securityAlertPolicies",
            "resourceName": "heladackid-db/Default"
          }
        ],
        "id": "/subscriptions/c0b23822-3ab2-424c-bc3d-2820579556d3/resourceGroups/Heladac/providers/Microsoft.Sql/servers/heladackid-db/vulnerabilityAssessments/Default",
        "resourceType": "Microsoft.Sql/servers/vulnerabilityAssessments",
        "resourceName": "heladackid-db/Default"
      },
      {
        "dependsOn": [
          {
            "id": "/subscriptions/c0b23822-3ab2-424c-bc3d-2820579556d3/resourceGroups/Heladac/providers/Microsoft.Sql/servers/heladackid-db/databases/heladackid-db",
            "resourceType": "Microsoft.Sql/servers/databases",
            "resourceName": "heladackid-db/heladackid-db"
          },
          {
            "id": "/subscriptions/c0b23822-3ab2-424c-bc3d-2820579556d3/resourceGroups/Heladac/providers/Microsoft.Resources/deployments/SubnetPolicies-",
            "resourceType": "Microsoft.Resources/deployments",
            "resourceName": "SubnetPolicies-"
          }
        ],
        "id": "/subscriptions/c0b23822-3ab2-424c-bc3d-2820579556d3/resourceGroups/Heladac/providers/Microsoft.Resources/deployments/PrivateEndpoint-",
        "resourceType": "Microsoft.Resources/deployments",
        "resourceName": "PrivateEndpoint-"
      },
      {
        "dependsOn": [
          {
            "id": "/subscriptions/c0b23822-3ab2-424c-bc3d-2820579556d3/resourceGroups/Heladac/providers/Microsoft.Resources/deployments/PrivateEndpoint-",
            "resourceType": "Microsoft.Resources/deployments",
            "resourceName": "PrivateEndpoint-"
          }
        ],
        "id": "/subscriptions/c0b23822-3ab2-424c-bc3d-2820579556d3/resourceGroups/Heladac/providers/Microsoft.Resources/deployments/PrivateDns-pe-b869608e-8cb8-439c-afb1-e851b2c9a046",
        "resourceType": "Microsoft.Resources/deployments",
        "resourceName": "PrivateDns-pe-b869608e-8cb8-439c-afb1-e851b2c9a046"
      }
    ],
    "outputResources": [
      {
        "id": "/subscriptions/c0b23822-3ab2-424c-bc3d-2820579556d3/resourceGroups/Heladac/providers/Microsoft.Sql/servers/heladackid-db"
      },
      {
        "id": "/subscriptions/c0b23822-3ab2-424c-bc3d-2820579556d3/resourceGroups/Heladac/providers/Microsoft.Sql/servers/heladackid-db/databases/heladackid-db"
      }
    ],
    "validationLevel": "Template"
  }
}