[
  {
    "id": "/subscriptions/c0b23822-3ab2-424c-bc3d-2820579556d3/resourceGroups/Heladac/providers/Microsoft.Resources/deployments/Microsoft.SQLDatabase.newDatabaseNewServer_030fcbe97ad94a439404c/operations/2163A294E8D96208",
    "operationId": "2163A294E8D96208",
    "properties": {
      "provisioningOperation": "Create",
      "provisioningState": "Succeeded",
      "timestamp": "2020-09-08T08:39:16.7284244Z",
      "duration": "PT1M48.0167622S",
      "trackingId": "30626e9e-1aaa-4b65-a825-3c4777ba7002",
      "statusCode": "Created",
      "targetResource": {
        "id": "/subscriptions/c0b23822-3ab2-424c-bc3d-2820579556d3/resourceGroups/Heladac/providers/Microsoft.Sql/servers/heladackid-db/databases/heladackid-db",
        "resourceType": "Microsoft.Sql/servers/databases",
        "resourceName": "heladackid-db/heladackid-db"
      }
    }
  },
  {
    "id": "/subscriptions/c0b23822-3ab2-424c-bc3d-2820579556d3/resourceGroups/Heladac/providers/Microsoft.Resources/deployments/Microsoft.SQLDatabase.newDatabaseNewServer_030fcbe97ad94a439404c/operations/7759A7EF80CF193C",
    "operationId": "7759A7EF80CF193C",
    "properties": {
      "provisioningOperation": "Read",
      "provisioningState": "Succeeded",
      "timestamp": "2020-09-08T08:38:22.3621273Z",
      "duration": "PT0.4445331S",
      "trackingId": "a3a84cb0-35db-4294-b0b0-814eb3aff96c",
      "statusCode": "OK",
      "targetResource": {
        "id": "/subscriptions/c0b23822-3ab2-424c-bc3d-2820579556d3/resourceGroups/Heladac/providers/Microsoft.Sql/servers/heladackid-db",
        "resourceType": "Microsoft.Sql/servers",
        "resourceName": "heladackid-db",
        "apiVersion": "2018-06-01-preview"
      }
    }
  },
  {
    "id": "/subscriptions/c0b23822-3ab2-424c-bc3d-2820579556d3/resourceGroups/Heladac/providers/Microsoft.Resources/deployments/Microsoft.SQLDatabase.newDatabaseNewServer_030fcbe97ad94a439404c/operations/51B7EDF4DE65E368",
    "operationId": "51B7EDF4DE65E368",
    "properties": {
      "provisioningOperation": "Create",
      "provisioningState": "Succeeded",
      "timestamp": "2020-09-08T08:38:21.4515642Z",
      "duration": "PT52.739902S",
      "trackingId": "aebaa039-f3de-42e7-8e52-09e50d3d9199",
      "statusCode": "Created",
      "targetResource": {
        "id": "/subscriptions/c0b23822-3ab2-424c-bc3d-2820579556d3/resourceGroups/Heladac/providers/Microsoft.Sql/servers/heladackid-db",
        "resourceType": "Microsoft.Sql/servers",
        "resourceName": "heladackid-db"
      }
    }
  },
  {
    "id": "/subscriptions/c0b23822-3ab2-424c-bc3d-2820579556d3/resourceGroups/Heladac/providers/Microsoft.Resources/deployments/Microsoft.SQLDatabase.newDatabaseNewServer_030fcbe97ad94a439404c/operations/08586020526393935813",
    "operationId": "08586020526393935813",
    "properties": {
      "provisioningOperation": "EvaluateDeploymentOutput",
      "provisioningState": "Succeeded",
      "timestamp": "2020-09-08T08:39:18.445401Z",
      "duration": "PT0.5942459S",
      "trackingId": "99a7f1fd-1cd7-4aaa-a590-b5d7a35b5627",
      "statusCode": "OK"
    }
  }
]